{
  "project_info": {
    "project_number": "399560204639",
    "project_id": "gymlogin-64141",
    "storage_bucket": "gymlogin-64141.appspot.com"
  },
  "client": [
    {
      "client_info": {
        "mobilesdk_app_id": "1:399560204639:android:3171c0cc78d3a2e9b016ea",
        "android_client_info": {
          "package_name": "com.example.gym"
        }
      },
      "oauth_client": [
        {
          "client_id": "399560204639-opsv7v8v8e5u7e6uqfaiil77vg3oo3ie.apps.googleusercontent.com",
          "client_type": 3
        }
      ],
      "api_key": [
        {
          "current_key": "AIzaSyD0vWi2bIT-koTflhgB3NiBphALte3PaSg"
        }
      ],
      "services": {
        "appinvite_service": {
          "other_platform_oauth_client": [
            {
              "client_id": "399560204639-opsv7v8v8e5u7e6uqfaiil77vg3oo3ie.apps.googleusercontent.com",
              "client_type": 3
            }
          ]
        }
      }
    }
  ],
  "configuration_version": "1"
}